# INSERT INTO minimal_cinema.halls (id, name, num_of_seat) VALUES (1, 'green', 12);
# 
# 
# INSERT INTO minimal_cinema.movies (id, name, description) VALUES (1, 'matrix', 'asdasd');
# 
# INSERT INTO minimal_cinema.hall_movie(hall_id, movie_id) VALUES (1,1);


INSERT INTO private_school.courses (description, course_type, name, id, create_date)
VALUES ('Math for dummies', 'MATH', 'Base Math', 1, '2022-01-03'),
       ('Advanced Math', 'MATH', 'Middle level of Math', 3, '2021-11-23'),
       ('Happy botanic', 'BIO', 'Biology for kids', 4, '2011-07-10'),
       ('First Aid', 'BIO', 'You can be a doctor', 5, '2011-07-10'),
       ('History for dummies', 'HIST', 'Base History', 2, '2022-02-01');

INSERT INTO private_school.students (phone, email, birth_date, first_name, last_name, id, create_date)
VALUES ('+380990000001', '1@gmail.com', '1901-05-03', 'Name1', 'LastN1', 1, '2020-01-02'),
       ('+380990000002', '2@gmail.com', '1902-05-03', 'Name2', 'LastN2', 2, '2020-01-02'),
       ('+380990000003', '3@gmail.com', '1903-05-03', 'Name3', 'LastN3', 3, '2020-01-02'),
       ('+380990000004', '4@gmail.com', '1904-05-03', 'Name4', 'LastN4', 4, '2020-01-02'),
       ('+380990000005', '5@gmail.com', '1905-05-03', 'Name5', 'LastN5', 5, '2020-01-02'),
       ('+380990000006', '6@gmail.com', '1906-05-03', 'Name6', 'LastN6', 6, '2020-01-02'),
       ('+380990000007', '7@gmail.com', '1907-05-03', 'Name7', 'LastN7', 7, '2020-01-02'),
       ('+380990000008', '8@gmail.com', '1908-05-03', 'Name8', 'LastN8', 8, '2020-01-02'),
       ('+380990000009', '9@gmail.com', '1909-05-03', 'Name9', 'LastN9', 9, '2020-01-02'),
       ('+380990000010', '10@gmail.com', '1910-05-03', 'Name10', 'LastN10', 10, '2020-01-02'),
       ('+380990000011', '11@gmail.com', '1911-05-03', 'Name11', 'LastN11', 11, '2020-01-02'),
       ('+380990000012', '12@gmail.com', '1912-05-03', 'Name12', 'LastN12', 12, '2020-01-02'),
       ('+380990000013', '13@gmail.com', '1913-05-03', 'Name13', 'LastN13', 13, '2020-01-02'),
       ('+380990000014', '14@gmail.com', '1914-05-03', 'Name14', 'LastN14', 14, '2020-01-02'),
       ('+380990000015', '15@gmail.com', '1915-05-03', 'Name15', 'LastN15', 15, '2020-01-02'),
       ('+380990000016', '16@gmail.com', '1916-05-03', 'Name16', 'LastN16', 16, '2020-01-02'),
       ('+380990000017', '17@gmail.com', '1917-05-03', 'Name17', 'LastN17', 17, '2020-01-02'),
       ('+380990000018', '18@gmail.com', '1918-05-03', 'Name18', 'LastN18', 18, '2020-01-02'),
       ('+380990000019', '19@gmail.com', '1919-05-03', 'Name19', 'LastN19', 19, '2020-01-02'),
       ('+380990000020', '20@gmail.com', '1920-05-03', 'Name20', 'LastN20', 20, '2020-01-02'),
       ('+380990000021', '21@gmail.com', '1921-05-03', 'Name21', 'LastN21', 21, '2020-01-02'),
       ('+380990000022', '22@gmail.com', '1922-05-03', 'Name22', 'LastN22', 22, '2020-01-02'),
       ('+380990000023', '23@gmail.com', '1923-05-03', 'Name23', 'LastN23', 23, '2020-01-02'),
       ('+380990000024', '24@gmail.com', '1924-05-03', 'Name24', 'LastN24', 24, '2020-01-02'),
       ('+380990000025', '25@gmail.com', '1925-05-03', 'Name25', 'LastN25', 25, '2020-01-02'),
       ('+380990000026', '26@gmail.com', '1926-05-03', 'Name26', 'LastN26', 26, '2020-01-02'),
       ('+380990000027', '27@gmail.com', '1927-05-03', 'Name27', 'LastN27', 27, '2020-01-02'),
       ('+380990000028', '28@gmail.com', '1928-05-03', 'Name28', 'LastN28', 28, '2020-01-02'),
       ('+380990000029', '29@gmail.com', '1929-05-03', 'Name29', 'LastN29', 29, '2020-01-02'),
       ('+380990000030', '30@gmail.com', '1930-05-03', 'Name30', 'LastN30', 30, '2020-01-02'),
       ('+380990000031', '31@gmail.com', '1931-05-03', 'Name31', 'LastN31', 31, '2020-01-02'),
       ('+380990000032', '32@gmail.com', '1932-05-03', 'Name32', 'LastN32', 32, '2020-01-02'),
       ('+380990000033', '33@gmail.com', '1933-05-03', 'Name33', 'LastN33', 33, '2020-01-02'),
       ('+380990000034', '34@gmail.com', '1934-05-03', 'Name34', 'LastN34', 34, '2020-01-02'),
       ('+380990000035', '35@gmail.com', '1935-05-03', 'Name35', 'LastN35', 35, '2020-01-02'),
       ('+380990000036', '36@gmail.com', '1936-05-03', 'Name36', 'LastN36', 36, '2020-01-02'),
       ('+380990000037', '37@gmail.com', '1937-05-03', 'Name37', 'LastN37', 37, '2020-01-02'),
       ('+380990000038', '38@gmail.com', '1938-05-03', 'Name38', 'LastN38', 38, '2020-01-02'),
       ('+380990000039', '39@gmail.com', '1939-05-03', 'Name39', 'LastN39', 39, '2020-01-02'),
       ('+380990000040', '40@gmail.com', '1940-05-03', 'Name40', 'LastN40', 40, '2020-01-02'),
       ('+380990000041', '41@gmail.com', '1941-05-03', 'Name41', 'LastN41', 41, '2020-01-02'),
       ('+380990000042', '42@gmail.com', '1942-05-03', 'Name42', 'LastN42', 42, '2020-01-02'),
       ('+380990000043', '43@gmail.com', '1943-05-03', 'Name43', 'LastN43', 43, '2020-01-02'),
       ('+380990000044', '44@gmail.com', '1944-05-03', 'Name44', 'LastN44', 44, '2020-01-02'),
       ('+380990000045', '45@gmail.com', '1945-05-03', 'Name45', 'LastN45', 45, '2020-01-02'),
       ('+380990000046', '46@gmail.com', '1946-05-03', 'Name46', 'LastN46', 46, '2020-01-02'),
       ('+380990000047', '47@gmail.com', '1947-05-03', 'Name47', 'LastN47', 47, '2020-01-02'),
       ('+380990000048', '48@gmail.com', '1948-05-03', 'Name48', 'LastN48', 48, '2020-01-02');


INSERT INTO private_school.course_student (student_id, course_id)
VALUES (1, 1);
INSERT INTO private_school.course_student (student_id, course_id)
VALUES (25, 3);
INSERT INTO private_school.course_student (student_id, course_id)
VALUES (37, 3);
INSERT INTO private_school.course_student (student_id, course_id)
VALUES (40, 1);
INSERT INTO private_school.course_student (student_id, course_id)
VALUES (38, 5);
INSERT INTO private_school.course_student (student_id, course_id)
VALUES (14, 5);
INSERT INTO private_school.course_student (student_id, course_id)
VALUES (26, 5);
INSERT INTO private_school.course_student (student_id, course_id)
VALUES (36, 1);
INSERT INTO private_school.course_student (student_id, course_id)
VALUES (30, 5);
INSERT INTO private_school.course_student (student_id, course_id)
VALUES (12, 1);
INSERT INTO private_school.course_student (student_id, course_id)
VALUES (42, 5);
INSERT INTO private_school.course_student (student_id, course_id)
VALUES (41, 3);
INSERT INTO private_school.course_student (student_id, course_id)
VALUES (44, 2);
INSERT INTO private_school.course_student (student_id, course_id)
VALUES (29, 4);
INSERT INTO private_school.course_student (student_id, course_id)
VALUES (1, 3);
INSERT INTO private_school.course_student (student_id, course_id)
VALUES (28, 2);
INSERT INTO private_school.course_student (student_id, course_id)
VALUES (6, 4);
INSERT INTO private_school.course_student (student_id, course_id)
VALUES (9, 3);
INSERT INTO private_school.course_student (student_id, course_id)
VALUES (33, 4);
INSERT INTO private_school.course_student (student_id, course_id)
VALUES (4, 2);
INSERT INTO private_school.course_student (student_id, course_id)
VALUES (20, 2);
INSERT INTO private_school.course_student (student_id, course_id)
VALUES (32, 2);
INSERT INTO private_school.course_student (student_id, course_id)
VALUES (41, 1);
INSERT INTO private_school.course_student (student_id, course_id)
VALUES (48, 3);
INSERT INTO private_school.course_student (student_id, course_id)
VALUES (27, 5);
INSERT INTO private_school.course_student (student_id, course_id)
VALUES (39, 5);
INSERT INTO private_school.course_student (student_id, course_id)
VALUES (15, 5);
INSERT INTO private_school.course_student (student_id, course_id)
VALUES (40, 3);
INSERT INTO private_school.course_student (student_id, course_id)
VALUES (43, 5);
INSERT INTO private_school.course_student (student_id, course_id)
VALUES (25, 1);
INSERT INTO private_school.course_student (student_id, course_id)
VALUES (31, 5);
INSERT INTO private_school.course_student (student_id, course_id)
VALUES (28, 4);
INSERT INTO private_school.course_student (student_id, course_id)
VALUES (33, 2);
INSERT INTO private_school.course_student (student_id, course_id)
VALUES (45, 2);
INSERT INTO private_school.course_student (student_id, course_id)
VALUES (17, 2);
INSERT INTO private_school.course_student (student_id, course_id)
VALUES (16, 4);
INSERT INTO private_school.course_student (student_id, course_id)
VALUES (29, 2);
INSERT INTO private_school.course_student (student_id, course_id)
VALUES (20, 4);
INSERT INTO private_school.course_student (student_id, course_id)
VALUES (7, 4);
INSERT INTO private_school.course_student (student_id, course_id)
VALUES (44, 4);
INSERT INTO private_school.course_student (student_id, course_id)
VALUES (5, 2);
INSERT INTO private_school.course_student (student_id, course_id)
VALUES (21, 2);
INSERT INTO private_school.course_student (student_id, course_id)
VALUES (9, 5);
INSERT INTO private_school.course_student (student_id, course_id)
VALUES (48, 5);
INSERT INTO private_school.course_student (student_id, course_id)
VALUES (39, 3);
INSERT INTO private_school.course_student (student_id, course_id)
VALUES (19, 2);
INSERT INTO private_school.course_student (student_id, course_id)
VALUES (12, 5);
INSERT INTO private_school.course_student (student_id, course_id)
VALUES (14, 1);
INSERT INTO private_school.course_student (student_id, course_id)
VALUES (43, 3);
INSERT INTO private_school.course_student (student_id, course_id)
VALUES (22, 2);
INSERT INTO private_school.course_student (student_id, course_id)
VALUES (19, 4);
INSERT INTO private_school.course_student (student_id, course_id)
VALUES (46, 2);
INSERT INTO private_school.course_student (student_id, course_id)
VALUES (47, 4);
INSERT INTO private_school.course_student (student_id, course_id)
VALUES (7, 3);
INSERT INTO private_school.course_student (student_id, course_id)
VALUES (11, 4);
INSERT INTO private_school.course_student (student_id, course_id)
VALUES (1, 5);
INSERT INTO private_school.course_student (student_id, course_id)
VALUES (23, 4);
INSERT INTO private_school.course_student (student_id, course_id)
VALUES (5, 1);
INSERT INTO private_school.course_student (student_id, course_id)
VALUES (4, 4);
INSERT INTO private_school.course_student (student_id, course_id)
VALUES (10, 2);
INSERT INTO private_school.course_student (student_id, course_id)
VALUES (14, 3);
INSERT INTO private_school.course_student (student_id, course_id)
VALUES (26, 3);
INSERT INTO private_school.course_student (student_id, course_id)
VALUES (38, 3);
INSERT INTO private_school.course_student (student_id, course_id)
VALUES (37, 5);
INSERT INTO private_school.course_student (student_id, course_id)
VALUES (27, 1);
INSERT INTO private_school.course_student (student_id, course_id)
VALUES (39, 1);
INSERT INTO private_school.course_student (student_id, course_id)
VALUES (15, 1);
INSERT INTO private_school.course_student (student_id, course_id)
VALUES (41, 5);
INSERT INTO private_school.course_student (student_id, course_id)
VALUES (43, 1);
INSERT INTO private_school.course_student (student_id, course_id)
VALUES (30, 3);
INSERT INTO private_school.course_student (student_id, course_id)
VALUES (23, 2);
INSERT INTO private_school.course_student (student_id, course_id)
VALUES (35, 2);
INSERT INTO private_school.course_student (student_id, course_id)
VALUES (47, 2);
INSERT INTO private_school.course_student (student_id, course_id)
VALUES (46, 4);
INSERT INTO private_school.course_student (student_id, course_id)
VALUES (10, 4);
INSERT INTO private_school.course_student (student_id, course_id)
VALUES (8, 3);
INSERT INTO private_school.course_student (student_id, course_id)
VALUES (2, 5);
INSERT INTO private_school.course_student (student_id, course_id)
VALUES (22, 4);
INSERT INTO private_school.course_student (student_id, course_id)
VALUES (34, 4);
INSERT INTO private_school.course_student (student_id, course_id)
VALUES (6, 1);
INSERT INTO private_school.course_student (student_id, course_id)
VALUES (20, 1);
INSERT INTO private_school.course_student (student_id, course_id)
VALUES (18, 5);
INSERT INTO private_school.course_student (student_id, course_id)
VALUES (29, 3);
INSERT INTO private_school.course_student (student_id, course_id)
VALUES (17, 3);
INSERT INTO private_school.course_student (student_id, course_id)
VALUES (34, 5);
INSERT INTO private_school.course_student (student_id, course_id)
VALUES (28, 1);
INSERT INTO private_school.course_student (student_id, course_id)
VALUES (10, 5);
INSERT INTO private_school.course_student (student_id, course_id)
VALUES (21, 3);
INSERT INTO private_school.course_student (student_id, course_id)
VALUES (33, 3);
INSERT INTO private_school.course_student (student_id, course_id)
VALUES (32, 1);
INSERT INTO private_school.course_student (student_id, course_id)
VALUES (12, 2);
INSERT INTO private_school.course_student (student_id, course_id)
VALUES (24, 2);
INSERT INTO private_school.course_student (student_id, course_id)
VALUES (3, 1);
INSERT INTO private_school.course_student (student_id, course_id)
VALUES (36, 2);
INSERT INTO private_school.course_student (student_id, course_id)
VALUES (48, 2);
INSERT INTO private_school.course_student (student_id, course_id)
VALUES (13, 4);
INSERT INTO private_school.course_student (student_id, course_id)
VALUES (25, 4);
INSERT INTO private_school.course_student (student_id, course_id)
VALUES (29, 1);
INSERT INTO private_school.course_student (student_id, course_id)
VALUES (2, 4);
INSERT INTO private_school.course_student (student_id, course_id)
VALUES (40, 2);
INSERT INTO private_school.course_student (student_id, course_id)
VALUES (7, 5);
INSERT INTO private_school.course_student (student_id, course_id)
VALUES (5, 3);
INSERT INTO private_school.course_student (student_id, course_id)
VALUES (41, 4);
INSERT INTO private_school.course_student (student_id, course_id)
VALUES (19, 5);
INSERT INTO private_school.course_student (student_id, course_id)
VALUES (47, 5);
INSERT INTO private_school.course_student (student_id, course_id)
VALUES (16, 3);
INSERT INTO private_school.course_student (student_id, course_id)
VALUES (28, 3);
INSERT INTO private_school.course_student (student_id, course_id)
VALUES (23, 5);
INSERT INTO private_school.course_student (student_id, course_id)
VALUES (17, 1);
INSERT INTO private_school.course_student (student_id, course_id)
VALUES (35, 5);
INSERT INTO private_school.course_student (student_id, course_id)
VALUES (11, 5);
INSERT INTO private_school.course_student (student_id, course_id)
VALUES (32, 3);
INSERT INTO private_school.course_student (student_id, course_id)
VALUES (44, 3);
INSERT INTO private_school.course_student (student_id, course_id)
VALUES (21, 1);
INSERT INTO private_school.course_student (student_id, course_id)
VALUES (33, 1);
INSERT INTO private_school.course_student (student_id, course_id)
VALUES (20, 3);
INSERT INTO private_school.course_student (student_id, course_id)
VALUES (1, 2);
INSERT INTO private_school.course_student (student_id, course_id)
VALUES (4, 1);
INSERT INTO private_school.course_student (student_id, course_id)
VALUES (13, 2);
INSERT INTO private_school.course_student (student_id, course_id)
VALUES (25, 2);
INSERT INTO private_school.course_student (student_id, course_id)
VALUES (24, 4);
INSERT INTO private_school.course_student (student_id, course_id)
VALUES (36, 4);
INSERT INTO private_school.course_student (student_id, course_id)
VALUES (9, 2);
INSERT INTO private_school.course_student (student_id, course_id)
VALUES (12, 4);
INSERT INTO private_school.course_student (student_id, course_id)
VALUES (8, 5);
INSERT INTO private_school.course_student (student_id, course_id)
VALUES (3, 4);
INSERT INTO private_school.course_student (student_id, course_id)
VALUES (41, 2);
INSERT INTO private_school.course_student (student_id, course_id)
VALUES (40, 4);
INSERT INTO private_school.course_student (student_id, course_id)
VALUES (6, 3);
INSERT INTO private_school.course_student (student_id, course_id)
VALUES (23, 3);
INSERT INTO private_school.course_student (student_id, course_id)
VALUES (35, 3);
INSERT INTO private_school.course_student (student_id, course_id)
VALUES (28, 5);
INSERT INTO private_school.course_student (student_id, course_id)
VALUES (19, 3);
INSERT INTO private_school.course_student (student_id, course_id)
VALUES (32, 5);
INSERT INTO private_school.course_student (student_id, course_id)
VALUES (44, 5);
INSERT INTO private_school.course_student (student_id, course_id)
VALUES (11, 3);
INSERT INTO private_school.course_student (student_id, course_id)
VALUES (46, 1);
INSERT INTO private_school.course_student (student_id, course_id)
VALUES (10, 1);
INSERT INTO private_school.course_student (student_id, course_id)
VALUES (22, 1);
INSERT INTO private_school.course_student (student_id, course_id)
VALUES (39, 4);
INSERT INTO private_school.course_student (student_id, course_id)
VALUES (26, 2);
INSERT INTO private_school.course_student (student_id, course_id)
VALUES (38, 2);
INSERT INTO private_school.course_student (student_id, course_id)
VALUES (19, 1);
INSERT INTO private_school.course_student (student_id, course_id)
VALUES (27, 4);
INSERT INTO private_school.course_student (student_id, course_id)
VALUES (43, 4);
INSERT INTO private_school.course_student (student_id, course_id)
VALUES (9, 1);
INSERT INTO private_school.course_student (student_id, course_id)
VALUES (3, 3);
INSERT INTO private_school.course_student (student_id, course_id)
VALUES (30, 2);
INSERT INTO private_school.course_student (student_id, course_id)
VALUES (6, 2);
INSERT INTO private_school.course_student (student_id, course_id)
VALUES (42, 2);
INSERT INTO private_school.course_student (student_id, course_id)
VALUES (5, 5);
INSERT INTO private_school.course_student (student_id, course_id)
VALUES (29, 5);
INSERT INTO private_school.course_student (student_id, course_id)
VALUES (34, 3);
INSERT INTO private_school.course_student (student_id, course_id)
VALUES (46, 3);
INSERT INTO private_school.course_student (student_id, course_id)
VALUES (18, 3);
INSERT INTO private_school.course_student (student_id, course_id)
VALUES (45, 5);
INSERT INTO private_school.course_student (student_id, course_id)
VALUES (47, 1);
INSERT INTO private_school.course_student (student_id, course_id)
VALUES (23, 1);
INSERT INTO private_school.course_student (student_id, course_id)
VALUES (10, 3);
INSERT INTO private_school.course_student (student_id, course_id)
VALUES (22, 3);
INSERT INTO private_school.course_student (student_id, course_id)
VALUES (11, 1);
INSERT INTO private_school.course_student (student_id, course_id)
VALUES (1, 4);
INSERT INTO private_school.course_student (student_id, course_id)
VALUES (14, 4);
INSERT INTO private_school.course_student (student_id, course_id)
VALUES (39, 2);
INSERT INTO private_school.course_student (student_id, course_id)
VALUES (26, 4);
INSERT INTO private_school.course_student (student_id, course_id)
VALUES (38, 4);
INSERT INTO private_school.course_student (student_id, course_id)
VALUES (42, 4);
INSERT INTO private_school.course_student (student_id, course_id)
VALUES (4, 3);
INSERT INTO private_school.course_student (student_id, course_id)
VALUES (7, 2);
INSERT INTO private_school.course_student (student_id, course_id)
VALUES (43, 2);

